{"cameraMode":{"drawMode":0,"name":"Shaded","section":"Shading Mode"},"sceneLighting":true,"audioPlay":false,"sceneViewState":{"showFog":true,"showMaterialUpdate":true,"showSkybox":true,"showFlares":true,"showImageEffects":true,"showParticleSystems":true},"in2DMode":false,"pivot":{"x":40.48622512817383,"y":42.747032165527347,"z":8.725902557373047},"rotation":{"x":0.2138722836971283,"y":0.5704298615455627,"z":-0.15696825087070466,"w":0.7773575782775879},"size":74.30497741699219,"orthographic":false}