{"cameraMode":{"drawMode":0,"name":"Shaded","section":"Shading Mode"},"sceneLighting":true,"audioPlay":false,"sceneViewState":{"showFog":true,"showMaterialUpdate":true,"showSkybox":true,"showFlares":true,"showImageEffects":true,"showParticleSystems":true},"in2DMode":false,"pivot":{"x":-26.46636199951172,"y":116.57752227783203,"z":349.5452575683594},"rotation":{"x":-0.024585023522377015,"y":0.9543642997741699,"z":0.08178345859050751,"w":0.2863263189792633},"size":23.334531784057618,"orthographic":false}