{"cameraMode":{"drawMode":0,"name":"Shaded","section":"Shading Mode"},"sceneLighting":true,"audioPlay":false,"sceneViewState":{"showFog":true,"showMaterialUpdate":true,"showSkybox":true,"showFlares":true,"showImageEffects":true,"showParticleSystems":true},"in2DMode":false,"pivot":{"x":20.94717025756836,"y":72.10108947753906,"z":113.86517333984375},"rotation":{"x":0.07060324400663376,"y":0.9235619902610779,"z":-0.20701535046100617,"w":0.31503984332084658},"size":74.30497741699219,"orthographic":false}