{"cameraMode":{"drawMode":0,"name":"Shaded","section":"Shading Mode"},"sceneLighting":true,"audioPlay":false,"sceneViewState":{"showFog":true,"showMaterialUpdate":true,"showSkybox":true,"showFlares":true,"showImageEffects":true,"showParticleSystems":true},"in2DMode":false,"pivot":{"x":-8.557748794555664,"y":24.86855125427246,"z":-29.804988861083986},"rotation":{"x":-0.4434378445148468,"y":-0.09088525921106339,"z":0.04525486007332802,"w":-0.8905404806137085},"size":4.152261734008789,"orthographic":false}